{"systematics": {"tes": true, "jes": false, "soft_met": false, "w_scale": false, "bkg_scale": false}, "num_pseudo_experiments": 2, "num_of_sets": 5, "ground_truth_mus": [0.10851163594091287, 2.0504291992222665, 1.7816193485109055, 0.8714073867429484, 1.3176642054549819]}