{"systematics": {"tes": true, "jes": false, "soft_met": false, "w_scale": false, "bkg_scale": false}, "num_pseudo_experiments": 2, "num_of_sets": 5, "ground_truth_mus": [2.5171472197106697, 2.1698852082404367, 0.8260860504935916, 1.2133294119286524, 2.753210221980848]}