{
    "mu_hats": [
        0.0,
        0.0
    ],
    "del_mu_stats": [
        3509.21486945442,
        3691.4998306921266
    ],
    "del_mu_syss": [
        0.0,
        0.0
    ],
    "del_mu_tots": [
        3509.21486945442,
        3691.4998306921266
    ]
}