{
    "mu_hats": [
        0.0,
        0.0
    ],
    "del_mu_stats": [
        3696.3150569181735,
        3737.6431076281215
    ],
    "del_mu_syss": [
        0.0,
        0.0
    ],
    "del_mu_tots": [
        3696.3150569181735,
        3737.6431076281215
    ]
}