{
    "mu_hats": [
        0.0,
        0.0
    ],
    "del_mu_stats": [
        3746.6367584808645,
        3679.515049568353
    ],
    "del_mu_syss": [
        0.0,
        0.0
    ],
    "del_mu_tots": [
        3746.6367584808645,
        3679.515049568353
    ]
}