{
    "mu_hats": [
        0.0,
        0.0
    ],
    "del_mu_stats": [
        3664.6695621842905,
        3576.085289810633
    ],
    "del_mu_syss": [
        0.0,
        0.0
    ],
    "del_mu_tots": [
        3664.6695621842905,
        3576.085289810633
    ]
}