{
    "mu_hats": [
        0.0,
        0.0
    ],
    "del_mu_stats": [
        3396.009275605707,
        3395.9709951647114
    ],
    "del_mu_syss": [
        0.0,
        0.0
    ],
    "del_mu_tots": [
        3396.009275605707,
        3395.9709951647114
    ]
}