{
    "mu_hats": [
        0.0,
        0.0
    ],
    "del_mu_stats": [
        3715.9242457294527,
        3340.3017827735266
    ],
    "del_mu_syss": [
        0.0,
        0.0
    ],
    "del_mu_tots": [
        3715.9242457294527,
        3340.3017827735266
    ]
}