{
    "mu_hats": [
        0.0,
        0.0
    ],
    "del_mu_stats": [
        3568.4561087394645,
        3398.238661424474
    ],
    "del_mu_syss": [
        0.0,
        0.0
    ],
    "del_mu_tots": [
        3568.4561087394645,
        3398.238661424474
    ]
}