{
    "mu_hats": [
        0.0,
        0.0
    ],
    "del_mu_stats": [
        3399.2371202962586,
        3608.7712590298656
    ],
    "del_mu_syss": [
        0.0,
        0.0
    ],
    "del_mu_tots": [
        3399.2371202962586,
        3608.7712590298656
    ]
}