{
    "mu_hats": [
        0.0,
        0.0
    ],
    "del_mu_stats": [
        3625.341501155443,
        3417.57355443888
    ],
    "del_mu_syss": [
        0.0,
        0.0
    ],
    "del_mu_tots": [
        3625.341501155443,
        3417.57355443888
    ]
}