{
    "mu_hats": [
        0.0,
        0.0
    ],
    "del_mu_stats": [
        3653.7540968160406,
        3397.678472133583
    ],
    "del_mu_syss": [
        0.0,
        0.0
    ],
    "del_mu_tots": [
        3653.7540968160406,
        3397.678472133583
    ]
}