{
    "rmse": 12098900.108665157,
    "mae": 3473.6502355367556,
    "ingestion_duration": 2
}